NIT;AÑO;K DE W / VENTAS;CAPITAL DE TRABAJO;RAZON CORRIENTE;PRUEBA ACIDA;DIAS INVENTARIO;DIAS CARTERA;DIAS PROVEEDORES;ENDEUDAMIENTO TOTAL;ENDEUDAMIENTO FINANCIERO;MARGEN BRUTO;MARGEN OPERACIONAL;MARGEN NETO
800000946;2020;19;196467751.0;1.3;1.0;53;104;105;60.9;2.9;34.3;24.3;27.3
800000946;2019;13;121897844.0;1.2;0.9;47;81;97;61.4;1.7;34.5;24.1;25.5
800000946;2018;15;117780294.0;1.2;0.8;55;68;72;69.9;0.0;29.0;1.1;2.1
800012778;2020;41;13295583.0;3.9;2.3;147;145;141;70.6;50.5;28.1;21.9;23.0
800012778;2019;43;15595291.0;3.0;1.9;121;144;105;67.9;52.6;31.2;21.8;22.8
800012778;2018;12;4096160.0;3.5;2.2;121;145;269;61.4;0.0;31.1;22.8;24.5
800019437;2020;17;18844642.0;2.8;1.4;65;41;34;25.6;12.6;26.5;21.3;26.8
800019437;2019;19;28941140.0;2.1;1.0;91;57;75;35.5;7.0;21.6;18.5;23.4
800019437;2018;24;36070614.0;1.6;0.6;151;69;127;45.0;5.2;22.6;18.8;23.7
800028702;2020;21;2035749.0;1.7;1.5;30;106;74;40.4;14.3;34.7;23.6;25.5
800028702;2019;20;2040297.0;1.9;1.8;16;100;56;34.0;14.4;32.2;24.2;25.5
800028702;2018;15;1431194.0;2.0;1.8;18;101;84;36.6;0.0;30.2;26.1;24.1
800032741;2020;22;1056226.0;1.5;0.9;109;67;84;31.1;50.1;39.4;20.0;18.1
800032741;2019;31;1477377.0;1.5;1.0;120;113;119;35.8;47.7;41.0;20.9;18.6
800047266;2020;-41;-329218.0;1.5;1.4;87;237;536;82.1;26.4;13.6;19.0;3.5
800047266;2019;4;153238.0;1.6;1.6;6;125;144;86.8;50.9;19.9;16.2;9.3
800047266;2018;8;475667.0;1.7;1.6;25;118;134;85.0;50.6;20.6;16.6;9.9
800051929;2020;50;9465467.0;2.5;1.0;215;55;50;31.6;46.0;24.0;13.9;11.9
800051929;2019;48;11134157.0;2.3;0.8;226;59;68;40.4;51.5;27.0;16.2;16.4
800051929;2018;42;9636609.0;2.4;1.1;165;86;82;39.4;38.5;22.1;14.2;12.9
800077985;2020;-108;-1854848.0;5.5;3.7;103;133;812;187.5;33.7;26.0;9.2;5.4
800077985;2019;-75;-1730511.0;3.8;2.6;74;75;548;155.3;42.6;26.5;13.9;11.8
800077985;2018;0;0.0;0.9;0.7;0;0;0;76.5;15.4;28.2;12.2;9.0
800080917;2020;34;40139679.0;1.9;1.4;66;110;50;54.4;72.9;26.1;19.4;20.2
800080917;2019;34;35910765.0;1.8;1.1;83;98;51;56.4;72.5;23.3;16.9;17.1
800080917;2018;21;25510381.0;1.7;1.1;74;66;62;60.2;64.9;23.0;7.8;8.8
800081739;2020;53;2282337.0;0.8;0.2;238;107;161;87.8;20.7;-10.4;-29.9;-34.8
800081739;2019;57;3396759.0;1.0;0.2;366;66;176;69.2;19.0;25.4;9.0;2.3
800081739;2018;28;1384458.0;1.5;0.3;396;48;320;64.9;32.0;28.0;2.4;2.4
800114140;2020;91;11015193.0;2.5;1.0;561;173;332;55.3;1.3;31.6;19.6;17.9
800114140;2019;43;5929270.0;1.9;0.8;435;114;370;64.3;1.9;34.4;15.0;12.9
800114140;2018;50;7296825.0;1.8;1.0;300;195;321;47.6;20.7;27.9;13.3;11.3
800119427;2020;21;5178718.0;1.6;1.3;20;90;36;43.3;44.7;15.7;4.9;1.7
800119427;2019;22;5762921.0;1.4;1.2;20;102;45;47.8;38.7;16.0;7.2;3.7
800119427;2018;3;784307.0;1.3;1.1;19;84;102;47.3;8.9;15.2;7.5;3.1
800123057;2020;19;2556207.0;2.1;1.1;52;45;21;61.5;51.2;19.7;13.7;14.8
800123057;2019;19;2662312.0;1.7;1.0;47;59;36;72.1;44.9;19.2;13.1;14.3
800123057;2018;13;1744492.0;1.4;0.8;41;47;41;70.1;26.8;18.2;12.5;13.6
800138131;2020;10;1145067.0;0.9;0.7;66;46;77;66.6;63.5;25.4;18.4;14.2
800138131;2019;6;577077.0;0.8;0.7;44;52;82;67.3;62.6;21.9;14.9;10.5
800138131;2018;-1;-152058.0;0.9;0.7;36;18;66;93.3;68.4;17.9;9.1;3.9
800142811;2020;55;16114432.0;4.1;2.2;193;117;82;31.0;32.3;27.3;8.3;8.2
800142811;2019;38;11749172.0;2.9;1.8;124;119;100;28.1;0.1;24.9;-0.2;2.3
800142811;2018;47;14108098.0;7.7;5.0;124;108;38;13.7;0.3;27.3;4.7;7.8
800156688;2020;33;733714.0;1.0;0.3;229;61;154;70.2;36.2;20.5;-12.3;-19.7
800156688;2019;27;836012.0;1.4;0.6;168;82;148;55.0;18.1;19.2;10.1;6.7
800156688;2018;28;824060.0;1.4;0.6;161;75;127;50.0;14.5;23.9;13.1;13.2
800159219;2020;23;6644667.0;1.3;0.6;228;142;303;81.2;32.7;23.8;19.1;17.6
800159219;2019;23;5424441.0;1.3;0.6;208;110;245;78.5;42.6;26.1;16.8;15.9
800159219;2018;22;5410641.0;1.2;0.7;148;119;202;75.7;42.4;27.5;17.1;19.0
800171079;2020;19;11137196.0;1.3;0.9;75;95;107;45.9;29.3;24.9;18.2;21.7
800171079;2019;17;9861294.0;1.2;0.7;80;87;111;49.3;30.8;22.9;15.9;18.3
800171079;2018;18;9296198.0;1.3;0.9;80;100;122;43.8;19.6;22.1;15.9;18.7
800194203;2020;23;2861643.0;2.0;1.3;113;105;139;38.7;16.0;23.5;13.6;25.8
800194203;2019;23;2832805.0;1.9;1.2;97;88;102;34.3;18.2;24.1;15.3;22.7
800194203;2018;18;2172343.0;1.7;1.0;99;85;125;33.7;3.2;20.4;10.9;15.5
800200304;2020;10;3690407.0;1.8;1.3;51;65;86;53.8;0.0;22.9;17.0;18.2
800200304;2019;9;3408697.0;1.9;1.5;26;67;65;54.5;1.7;16.8;11.5;10.9
800200304;2018;15;5099890.0;1.7;1.1;49;73;70;54.5;11.9;15.5;10.6;10.1
800203758;2020;39;22772102.0;2.9;2.2;107;143;111;32.7;20.4;37.9;28.6;32.7
800203758;2019;27;17621902.0;2.6;1.9;97;109;112;34.8;2.9;37.8;30.2;35.2
800203758;2018;26;14148678.0;2.9;2.2;96;103;107;30.7;0.2;35.6;11.0;16.1
800207932;2020;0;-406863.0;1.3;1.0;10;29;43;63.6;20.0;8.2;6.6;7.3
800207932;2019;-1;-966656.0;1.3;1.1;9;36;56;66.5;23.6;10.0;6.8;7.4
800207932;2018;-12;-4094591.0;1.1;0.9;13;51;120;70.5;23.9;10.3;2.1;1.8
800221789;2020;5;35237801.0;1.6;1.1;51;47;88;61.2;57.3;24.6;11.7;12.9
800221789;2019;9;52957235.0;1.5;1.0;45;62;86;59.9;58.5;27.0;14.4;16.0
800221789;2018;8;45363951.0;1.4;1.0;47;58;85;58.5;57.0;29.6;13.9;14.1
800226571;2020;23;1829102.0;1.8;0.8;88;51;46;37.8;21.3;17.3;15.6;16.5
800226571;2019;22;1494827.0;1.5;0.7;117;51;80;45.3;11.2;22.1;19.5;20.7
800250626;2020;30;3241297.0;2.4;1.3;157;70;101;36.7;10.2;32.4;23.5;28.1
800250626;2019;32;3400736.0;2.4;1.3;117;73;57;36.7;33.0;26.5;18.8;22.9
800250626;2018;35;2807769.0;2.7;1.4;120;75;50;30.3;30.3;26.3;17.9;22.3
802008637;2020;16;1084549.0;1.9;1.0;187;63;193;49.4;0.0;14.0;9.9;11.5
802008637;2019;39;2580334.0;2.5;1.0;209;56;108;49.8;21.7;14.2;9.3;11.1
802021320;2020;8;517310.0;1.5;0.8;152;84;215;54.5;0.0;17.3;8.6;10.3
802021320;2019;11;623354.0;1.4;0.6;201;78;245;58.6;0.0;16.2;7.6;9.2
802021320;2018;46;2339049.0;1.3;0.3;439;86;341;71.2;22.6;19.0;7.3;8.7
806000387;2020;27;2290354.0;0.9;0.4;124;33;34;33.7;84.9;27.0;10.4;7.6
806000387;2019;19;1733949.0;0.5;0.2;120;33;72;43.0;78.9;27.8;13.6;7.5
806000387;2018;7;1126102.0;0.5;0.1;67;19;55;45.8;0.0;25.7;14.8;14.2
806003144;2020;38;12323566.0;1.6;0.7;157;54;47;49.7;42.2;23.0;12.9;12.9
806003144;2019;30;11606301.0;1.4;0.5;132;54;61;63.5;53.8;20.7;11.8;11.1
806003144;2018;-2;-801319.0;1.2;0.3;139;38;201;58.5;0.0;22.6;12.2;10.3
806008047;2020;8;8526127.0;1.6;1.6;0;95;79;62.3;0.0;19.5;8.7;10.9
806008047;2019;11;10234352.0;1.6;1.6;0;96;68;60.4;0.0;22.1;9.1;12.1
806008047;2018;7;4243905.0;1.3;1.3;0;128;142;75.4;0.3;28.2;10.1;13.5
810003907;2020;19;53590409.0;2.1;1.9;27;122;104;39.1;9.6;33.8;34.0;42.4
810003907;2019;21;47410482.0;2.2;1.9;29;107;72;36.4;1.1;28.8;28.9;36.2
810003907;2018;14;22955174.0;1.8;1.7;12;102;80;44.7;0.8;27.2;27.3;34.6
811009636;2020;48;11068536.0;1.2;0.8;135;147;99;77.3;59.9;22.0;16.1;15.4
811009636;2019;46;9505136.0;1.2;0.8;85;142;54;78.7;72.9;14.7;13.9;11.6
811009636;2018;33;8116856.0;1.1;0.9;63;107;49;84.2;75.5;13.0;4.2;2.9
811016478;2020;11;6667186.0;1.1;1.0;1000;56;1000;90.1;23.1;100.0;11.6;13.4
811016478;2019;12;8027671.0;1.0;1.0;0;59;1000;86.3;19.1;100.0;10.7;12.9
811016478;2018;8;4753149.0;0.9;0.9;360;59;1572917040;96.1;23.6;100.0;8.1;9.9
811023351;2020;18;6095273.0;2.0;1.2;74;59;64;43.8;0.7;28.7;24.2;29.7
811023351;2019;13;3810950.0;1.5;0.9;56;52;60;53.3;7.2;16.7;12.8;12.9
811023351;2018;19;4200334.0;1.6;0.7;97;59;82;51.7;11.8;19.0;15.5;17.9
811024414;2020;30;5829004.0;2.5;1.7;98;91;70;28.8;1.3;37.1;30.4;36.7
811024414;2019;29;5125813.0;2.1;1.4;86;89;62;32.0;26.3;36.1;27.8;33.1
811024414;2018;30;4547719.0;2.7;1.9;84;99;66;24.6;0.7;37.1;28.7;34.0
816006799;2020;33;95644141.0;2.8;2.2;59;158;110;68.7;33.0;25.3;12.4;16.9
816006799;2019;46;98404740.0;1.9;1.4;105;174;116;79.0;52.3;23.8;8.0;10.9
816006799;2018;39;53256635.0;2.5;1.5;119;135;109;75.6;43.5;18.5;-17.0;-17.0
817002676;2020;-25;-81901840.0;0.7;0.4;54;33;174;47.0;0.8;-3.6;-6.4;-7.7
817002676;2019;-8;-29816658.0;0.8;0.4;39;30;103;33.7;0.4;7.2;4.8;7.2
817002676;2018;-4;-17161978.0;0.9;0.5;40;27;91;28.6;0.0;12.2;4.5;6.6
817002925;2020;54;1797942.0;2.1;1.7;91;178;62;53.1;67.6;33.5;23.1;18.2
817002925;2019;39;2157606.0;2.2;1.9;35;145;42;57.1;71.9;37.6;23.9;20.9
830000556;2020;18;15108123.0;2.2;1.8;32;71;40;30.8;44.3;25.2;18.5;21.9
830000556;2019;19;14772766.0;2.0;1.7;31;85;51;26.3;19.8;23.9;17.0;20.4
830000556;2018;20;12624355.0;1.6;1.4;28;83;42;31.0;30.1;19.5;5.6;6.5
830006833;2020;25;3635633.0;1.4;0.8;107;89;104;65.4;19.0;32.2;25.1;27.9
830006833;2019;25;3367856.0;1.4;0.8;98;93;98;73.3;32.9;27.3;18.2;18.2
830006833;2018;28;2781593.0;1.5;1.0;91;114;107;67.9;29.6;27.0;19.3;18.5
830027231;2020;-3;-6765217.0;1.1;0.7;170;146;373;79.8;20.4;20.8;14.0;17.5
830027231;2019;-14;-16165810.0;1.1;0.7;196;163;470;94.5;23.9;21.1;15.0;17.1
830027231;2018;42;30386224.0;1.2;0.8;148;204;212;98.9;57.3;21.0;14.8;18.4
830041598;2020;31;21069565.0;4.2;3.4;133;103;120;18.4;5.2;33.7;6.3;10.5
830041598;2019;31;39970373.0;4.3;3.3;74;98;53;18.3;11.5;26.5;5.5;12.2
830041598;2018;60;63362180.0;4.1;2.9;158;187;113;12.6;0.0;36.8;5.2;15.5
830071212;2020;22;1784261.0;2.0;1.2;95;85;100;50.3;12.0;19.7;12.1;12.4
830071212;2019;31;2175989.0;2.1;1.0;127;92;102;51.3;16.4;17.4;9.5;10.3
830071212;2018;30;2186947.0;2.3;1.3;117;88;88;47.3;22.7;22.9;15.5;16.7
830071604;2020;22;12394571.0;2.4;1.9;49;103;79;28.0;12.8;23.9;19.3;23.8
830071604;2019;20;11133607.0;2.0;1.6;40;95;69;30.7;14.5;22.3;17.6;22.2
830071604;2018;13;7329139.0;1.6;1.2;40;92;90;36.9;13.8;15.7;12.3;14.1
830075451;2020;-12;-6825707.0;1.3;0.9;45;17;117;43.5;10.4;15.4;11.2;11.8
830075451;2019;-4;-2656720.0;1.3;0.7;51;5;79;37.3;15.7;22.1;14.8;15.4
830075451;2018;-1;-1032361.0;1.1;0.5;54;3;66;40.8;18.2;22.3;14.3;14.0
830080150;2020;22;7650931.0;1.9;1.3;79;89;91;51.6;3.8;28.8;25.3;31.6
830080150;2019;24;7964649.0;1.4;0.7;123;86;119;71.4;20.8;28.2;23.8;25.8
830080150;2018;26;6535401.0;1.2;0.7;133;95;131;80.7;39.5;26.5;20.6;20.1
830092963;2020;17;64542389.0;2.6;1.9;62;61;62;40.1;43.9;25.8;11.6;14.4
830092963;2019;31;106918657.0;1.6;0.7;159;74;108;57.2;44.5;24.9;16.0;20.6
830092963;2018;22;45964641.0;1.6;1.0;119;159;217;60.4;29.1;20.4;9.1;13.1
830098290;2020;47;57783574.0;1.8;0.4;203;5;14;36.1;79.3;12.4;18.5;20.8
830098290;2019;37;46274254.0;1.2;0.7;174;5;29;65.1;89.6;9.5;8.4;9.9
830098290;2018;38;39256769.0;1.2;0.7;214;7;69;63.2;78.7;9.1;6.7;8.2
830103701;2020;93;17946937.0;6.6;5.8;88;339;91;8.1;13.7;24.3;7.1;10.4
830103701;2019;28;14152960.0;3.7;3.4;32;142;89;15.7;2.0;30.4;20.4;28.5
830103701;2018;43;17915916.0;2.3;1.8;70;180;105;25.1;36.1;27.9;18.3;25.7
830105213;2020;10;321048.0;2.5;2.2;43;117;145;39.9;0.0;23.5;14.6;18.5
830105213;2019;26;879498.0;2.4;1.9;60;84;46;44.1;47.0;24.8;14.0;17.9
860000135;2020;-6;-22215332.0;0.9;0.6;37;21;96;72.8;37.6;25.1;23.2;19.1
860000135;2019;-1;-3646564.0;0.9;0.5;42;33;97;69.3;35.5;29.8;27.1;22.2
860000135;2018;1;2559464.0;0.7;0.4;44;37;94;77.0;42.9;32.3;8.9;3.8
860000452;2020;75;470604091.0;1.8;1.1;177;156;38;47.9;71.5;17.8;14.6;14.0
860000452;2019;62;486193285.0;1.7;0.9;161;129;46;48.0;61.5;18.4;14.7;13.4
860000452;2018;81;557877824.0;1.5;0.7;214;156;53;61.3;73.7;14.7;1.9;-1.2
860000896;2020;3;11929407.0;1.0;0.7;71;52;146;53.6;0.0;47.3;39.9;46.7
860000896;2019;3;12740249.0;1.0;0.6;64;50;136;58.2;0.0;46.4;40.6;47.9
860000896;2018;8;31735354.0;1.3;0.7;110;56;156;53.2;0.0;45.6;14.4;15.6
860001963;2020;30;48512196.0;1.1;0.6;151;85;118;39.0;52.8;28.1;3.1;-1.1
860001963;2019;31;56416887.0;1.1;0.6;131;79;86;42.9;58.0;26.5;5.9;1.9
860001963;2018;33;55107519.0;1.0;0.5;145;83;98;43.6;57.4;24.7;5.3;0.3
860001965;2020;36;90020148.0;2.0;1.0;176;80;106;58.0;23.1;29.5;1.8;1.4
860001965;2019;39;113040177.0;2.0;0.9;191;93;116;54.3;14.7;34.3;3.2;5.7
860001965;2018;46;119924366.0;2.0;0.8;238;103;135;54.4;14.0;37.3;4.2;5.7
860002067;2020;28;51572376.0;1.5;0.9;127;69;83;38.5;45.3;24.3;15.5;17.5
860002067;2019;33;70085080.0;2.4;1.2;131;73;66;31.1;31.5;26.0;16.9;18.5
860002067;2018;31;63894449.0;2.6;1.5;124;77;76;33.4;33.2;25.9;7.9;9.8
860002518;2020;0;6581428.0;1.4;1.4;0;39;54;49.3;0.0;31.4;2.4;3.9
860002518;2019;4;64922395.0;1.4;1.4;0;72;84;52.3;0.0;34.4;7.4;10.5
860002518;2018;5;79699420.0;1.4;1.4;0;77;92;52.4;0.0;39.2;12.1;17.6
860006127;2020;5;9242777.0;1.4;1.0;39;55;82;37.1;15.5;17.8;14.4;16.1
860006127;2019;8;15093324.0;1.6;1.1;36;59;74;34.1;9.4;23.3;19.3;22.1
860006127;2018;5;8717381.0;1.4;1.1;31;57;81;35.6;9.7;25.0;20.8;23.9
860006853;2020;17;31062343.0;1.5;1.0;65;83;92;51.6;50.1;19.9;16.0;11.9
860006853;2019;23;49873085.0;1.2;0.7;90;79;83;60.2;56.9;12.8;9.4;5.9
860006853;2018;30;61929984.0;1.3;0.7;96;91;75;58.2;59.4;9.9;-2.1;-4.8
860006965;2020;20;13131756.0;2.0;1.4;97;89;122;52.7;65.5;34.3;18.2;18.3
860006965;2019;17;12664675.0;1.8;1.3;79;84;109;56.1;68.6;35.3;16.7;15.7
860006965;2018;30;19609955.0;2.0;1.4;96;112;101;56.1;73.8;33.1;11.6;9.3
860007955;2020;22;120465569.0;1.7;1.1;121;109;167;58.8;42.6;36.5;10.9;10.5
860007955;2019;22;116015292.0;1.7;1.1;104;117;159;59.7;42.6;35.8;10.6;11.4
860007955;2018;12;66919063.0;1.4;0.9;122;89;189;67.6;42.1;35.0;10.0;10.1
860013715;2019;11;2821796.0;2.2;1.3;162;107;266;67.6;25.2;36.9;13.6;20.3
860013715;2018;5;1262034.0;1.9;1.2;112;119;252;75.7;27.0;28.9;11.4;7.6
860015753;2020;11;98304394.0;0.9;0.7;47;98;116;61.3;47.9;15.8;-5.9;-8.1
860015753;2019;9;86052055.0;1.3;0.9;49;79;105;45.7;20.6;18.3;-5.4;-6.6
860015753;2018;5;47841208.0;1.4;1.1;45;72;111;39.0;1.2;21.0;-5.4;-7.0
860016695;2020;18;4346306.0;1.5;0.9;134;82;154;72.1;21.0;24.5;17.6;15.7
860016695;2019;17;3411907.0;1.8;1.1;98;56;90;66.8;24.8;21.1;0.5;-2.4
860016695;2018;35;7133452.0;2.1;1.1;140;80;81;57.7;34.6;21.0;12.5;10.9
860025998;2020;47;6335870.0;3.6;2.5;226;121;151;17.1;2.7;31.7;4.9;9.1
860025998;2019;37;7751887.0;3.2;2.1;175;97;118;25.5;1.8;34.7;10.1;14.0
860025998;2018;31;6181107.0;2.7;1.9;159;101;142;26.7;3.2;33.7;10.2;12.4
860027326;2020;18;10589777.0;1.4;0.9;95;80;115;41.6;11.2;29.5;12.2;12.5
860027326;2019;25;13331627.0;1.5;0.8;100;85;93;42.5;24.5;24.0;6.2;5.5
860027326;2018;25;11203101.0;1.5;0.8;102;92;104;40.9;24.6;23.2;4.7;2.6
860032550;2020;-8;-22068687.0;1.6;1.1;102;29;199;70.9;31.6;39.4;-4.6;-7.0
860032550;2019;0;728929.0;2.0;1.2;96;38;153;71.0;34.9;34.5;-5.0;-7.6
860032550;2018;12;45783357.0;1.2;0.6;117;42;113;72.5;36.7;34.4;-7.1;-9.7
860032657;2020;24;9256177.0;1.7;1.2;74;102;94;50.7;27.9;22.6;9.8;10.7
860032657;2019;24;9743076.0;1.4;0.9;83;89;85;65.7;43.3;22.6;11.8;13.3
860032657;2018;37;13177800.0;1.5;0.9;97;96;52;60.3;53.5;16.9;7.3;6.9
860039444;2020;8;6723486.0;2.3;1.6;75;99;158;70.1;1.0;15.6;3.9;3.3
860039444;2019;26;26650179.0;1.7;1.0;81;86;70;74.5;45.4;12.8;1.9;-0.2
860039444;2018;27;24494995.0;1.3;0.9;82;98;83;74.4;45.4;14.2;3.5;1.6
860041889;2020;-2;-282704.0;1.0;0.7;69;57;167;66.1;8.2;30.9;23.2;23.4
860041889;2019;3;569336.0;1.1;0.8;47;45;100;67.1;16.1;36.4;24.1;27.4
860041889;2018;10;1831151.0;0.9;0.6;64;68;110;72.7;16.4;33.1;22.7;25.5
860042141;2020;-7;-24209196.0;2.0;1.3;75;63;202;74.8;44.6;28.1;23.0;20.5
860042141;2019;-6;-15693080.0;2.0;1.2;82;81;222;77.5;46.7;25.9;20.1;17.6
860042141;2018;8;19292797.0;2.0;1.1;104;82;174;77.3;55.9;26.6;19.9;15.3
860049313;2020;31;24801278.0;1.3;0.7;102;87;70;64.0;64.1;23.3;6.7;1.7
860049313;2019;29;25601712.0;1.1;0.7;108;127;133;65.8;51.6;20.1;0.9;-5.2
860049313;2018;32;31080652.0;1.0;0.7;84;162;136;66.3;50.7;14.7;0.7;-5.7
860056150;2020;5;32426779.0;1.1;0.8;62;112;177;85.5;7.2;18.2;14.4;14.7
860056150;2019;13;56026220.0;1.2;0.8;96;119;192;86.3;21.9;26.0;22.3;23.5
860056150;2018;13;61419156.0;1.1;0.8;86;122;182;90.7;29.6;24.7;2.5;3.4
860059985;2020;12;765782.0;1.5;1.2;80;98;159;39.0;0.0;29.6;21.9;24.3
860059985;2019;16;1243983.0;1.5;1.1;82;100;142;60.8;28.1;28.2;21.9;22.4
860072172;2020;10;24454758.0;1.0;0.7;44;73;89;55.1;39.4;22.3;4.3;-0.2
860072172;2019;2;6171264.0;1.0;0.7;41;62;113;54.1;39.7;27.3;2.4;-2.8
860072172;2018;7;15995031.0;1.1;0.8;46;72;108;53.0;44.1;26.8;0.2;-5.1
860090222;2019;23;28547069.0;2.5;1.7;110;84;109;22.4;0.0;44.9;35.0;41.0
860090222;2018;-2;-2939991.0;1.6;1.3;73;72;223;34.7;0.0;45.5;35.1;39.3
860500805;2020;-7;-2731613.0;0.4;0.2;103;45;203;69.4;43.4;29.0;13.9;15.7
860500805;2019;1;685049.0;0.5;0.2;91;48;147;69.5;53.0;26.1;11.6;13.4
860500805;2018;-4;-1598563.0;0.5;0.2;77;52;169;68.9;44.5;27.0;13.0;13.0
860501575;2020;24;5071291.0;1.6;1.2;47;75;31;60.8;47.4;17.9;14.1;17.2
860501575;2019;60;6245593.0;1.5;0.8;197;179;149;70.8;48.1;21.7;14.8;17.7
860501575;2018;56;3754048.0;1.3;0.7;181;154;117;58.9;48.8;21.8;13.8;16.0
860518811;2020;13;16589597.0;2.0;1.4;62;83;104;66.2;34.5;19.9;17.8;20.7
860518811;2019;16;17889284.0;2.7;2.1;38;68;48;61.0;54.2;19.4;15.9;16.6
860518811;2018;26;26535971.0;2.9;1.6;78;71;48;65.6;58.7;19.9;7.7;7.7
860522056;2020;35;58214446.0;1.7;0.9;133;82;76;49.0;53.0;21.7;5.9;-2.1
860522056;2019;28;53869391.0;1.3;0.6;122;80;96;58.1;50.2;20.4;-1.7;-5.9
860522056;2018;28;59766802.0;1.1;0.6;137;118;161;62.7;44.2;23.1;7.9;6.1
890101676;2020;34;52000841.0;1.9;1.0;133;85;74;43.1;62.8;33.2;24.3;21.6
890101676;2019;30;44360465.0;1.9;0.9;138;75;90;46.9;52.1;28.8;24.6;26.6
890101676;2018;27;35512496.0;1.8;1.1;112;82;89;45.8;42.3;28.9;8.5;10.1
890209207;2020;34;8808696.0;1.3;0.6;160;42;48;46.1;8.9;28.3;13.1;17.6
890209207;2019;26;7896363.0;1.3;0.9;77;64;35;46.5;12.2;26.9;10.8;13.9
890209207;2018;29;5179002.0;1.4;0.7;113;72;66;35.0;28.8;25.1;7.0;7.3
890300466;2020;21;354345269.0;2.0;1.3;96;74;92;52.1;45.2;36.9;8.4;10.2
890300466;2019;20;311617187.0;2.1;1.5;79;90;106;61.7;48.6;37.3;3.8;3.6
890300466;2018;15;205993186.0;1.4;0.9;92;76;129;68.3;45.7;37.3;4.8;1.7
890300484;2020;21;10108309.0;1.5;0.9;94;95;115;57.1;21.9;18.6;13.4;11.9
890300484;2019;4;2552717.0;1.1;0.5;109;60;162;71.6;12.4;18.1;17.2;16.0
890301690;2020;10;87776319.0;1.5;1.1;62;78;117;44.9;0.6;27.6;19.2;21.5
890301690;2019;13;112350672.0;1.6;1.1;56;78;94;42.6;0.1;27.5;18.7;21.3
890301690;2018;15;120011332.0;1.6;1.1;55;79;85;40.0;0.0;27.6;11.1;14.4
890304607;2020;16;7544817.0;1.2;0.8;74;46;54;46.5;49.4;28.4;24.1;23.2
890304607;2019;10;4673792.0;1.1;0.8;54;47;67;45.3;39.0;27.1;22.6;21.8
890304607;2018;6;2620705.0;1.0;0.6;78;50;117;50.5;26.8;26.5;24.9;21.6
890310171;2020;18;9554185.0;1.3;0.8;68;86;94;63.6;32.1;17.2;12.0;12.5
890310171;2019;20;11033385.0;1.2;0.8;69;94;94;69.1;41.5;18.2;13.9;15.2
890310171;2018;23;9432597.0;1.3;0.9;63;110;95;68.6;44.1;17.0;11.5;13.0
890406589;2020;35;4961094.0;0.9;0.4;180;35;73;55.8;41.5;14.7;2.0;-3.5
890406589;2019;10;3292407.0;1.2;0.6;74;28;60;44.5;13.7;25.4;16.8;16.2
890406589;2018;-3;-2078550.0;1.0;0.8;58;40;136;67.1;5.4;29.7;8.1;12.9
890503314;2020;6;11018484.0;1.9;1.5;75;57;131;41.4;33.4;42.0;36.3;35.0
890503314;2019;15;22733492.0;1.6;1.0;117;72;141;42.6;33.0;37.8;32.0;31.8
890503314;2018;16;23356657.0;1.8;1.2;97;74;123;36.0;31.3;38.7;31.1;30.6
890800148;2020;20;58448706.0;1.9;1.0;103;62;90;32.3;2.4;22.0;12.2;13.6
890800148;2019;18;61038559.0;2.0;1.1;83;59;74;31.4;2.3;20.8;14.3;16.1
890800148;2018;18;36628866.0;1.9;1.1;85;68;84;33.8;0.2;24.6;7.8;11.2
890805453;2020;17;17514588.0;3.1;2.2;64;42;37;25.4;0.2;30.5;27.5;33.0
890805453;2019;20;21707939.0;3.7;2.4;61;55;36;22.9;0.3;27.2;23.5;26.8
890805453;2018;25;23282773.0;2.5;1.4;94;64;54;31.5;0.2;31.2;16.7;23.7
890900082;2020;0;1952400.0;1.4;0.8;105;35;152;64.9;40.2;30.6;24.5;19.1
890900082;2019;8;17187618.0;1.2;0.6;128;48;155;68.6;44.3;31.7;24.2;21.4
890900082;2018;2;4750754.0;1.7;0.8;122;52;188;64.6;37.0;34.4;30.2;27.3
890900120;2020;8;24694363.0;1.5;1.0;77;47;105;53.7;38.4;35.9;10.9;10.9
890900120;2019;9;28611012.0;1.5;0.9;65;44;81;56.5;46.2;32.0;5.9;6.8
890900120;2018;22;69415587.0;1.8;1.3;63;80;61;45.7;30.0;32.2;7.9;10.1
890900148;2020;30;149675801.0;2.2;1.7;72;140;117;79.3;26.6;31.3;9.8;13.6
890900148;2019;35;189807752.0;2.2;1.7;74;160;120;84.3;29.6;30.6;7.8;10.4
890900148;2018;40;195064708.0;2.0;1.5;84;173;123;83.1;37.2;30.3;5.1;5.8
890900253;2020;98;1039429.0;10.4;10.4;0;1026;1000;9.5;0.0;100.0;42.2;58.2
890900253;2019;265;3949389.0;8.8;8.8;0;1449;1000;11.1;0.0;100.0;95.0;122.0
890900253;2018;-525;-10796468.0;1.9;1.9;360;1086;-2147483648;53.2;0.0;100.0;94.0;128.4
890900453;2020;34;11731226.0;1.7;1.2;86;121;83;77.0;60.8;31.5;19.6;17.6
890900453;2019;32;15220915.0;1.5;1.0;82;93;47;74.5;64.6;31.4;22.7;23.4
890900453;2018;30;12666699.0;1.6;1.1;85;105;81;72.1;46.5;30.7;22.1;23.0
890900533;2020;43;3869137.0;10.2;8.9;148;110;55;26.7;32.8;49.5;23.7;25.4
890900533;2019;34;5069119.0;7.7;6.8;109;96;52;21.9;53.7;53.6;22.0;28.7
890900533;2018;42;5411443.0;11.5;10.3;124;109;30;22.6;65.1;54.0;21.0;31.1
890900652;2020;24;73316788.0;1.9;0.7;144;39;69;34.2;29.6;35.1;13.7;16.6
890900652;2019;29;71156880.0;2.2;0.8;151;44;63;36.7;47.2;31.7;9.5;9.7
890900652;2018;33;74974990.0;2.3;1.0;174;66;89;40.1;41.1;35.2;10.1;14.3
890903295;2020;12;30086213.0;1.0;1.0;6;122;89;66.4;42.1;5.0;-3.0;-4.9
890903295;2019;11;27565252.0;1.4;1.4;3;102;69;64.7;48.6;6.7;-1.6;-3.9
890903295;2018;11;26153359.0;1.8;1.8;2;105;75;50.9;5.2;12.3;2.2;2.8
890903310;2020;21;65865898.0;1.6;1.1;70;122;129;55.4;36.0;19.7;7.1;6.8
890903310;2019;22;66717353.0;1.7;1.1;76;107;108;58.1;48.1;18.6;5.7;4.1
890903310;2018;23;73197843.0;1.7;1.0;77;97;90;58.4;50.0;12.6;0.6;-2.3
890903436;2020;47;26749151.0;2.6;2.1;95;196;134;32.6;1.9;32.1;7.4;8.2
890903436;2019;23;30128262.0;1.8;1.5;64;135;140;50.3;8.5;32.1;2.3;2.6
890903436;2018;29;36157631.0;2.1;1.7;62;146;123;42.7;0.6;34.3;-0.3;0.4
890904138;2020;41;64771341.0;1.8;1.0;168;140;157;37.6;16.8;26.2;19.8;23.7
890904138;2019;37;57020351.0;1.8;1.1;136;132;134;37.2;20.2;24.1;18.4;21.1
890904138;2018;37;49003949.0;1.6;0.9;159;161;190;41.0;9.1;18.2;2.4;2.9
890908649;2020;46;83961970.0;4.2;2.2;144;100;56;74.9;71.1;22.7;5.0;2.6
890908649;2019;43;83066248.0;2.0;1.1;140;112;85;76.5;60.6;21.0;3.9;1.8
890908649;2018;44;79237625.0;1.9;1.0;157;109;94;78.6;59.8;21.8;2.6;-0.7
890910468;2020;17;5677657.0;1.8;1.3;47;75;64;67.5;53.7;25.4;13.4;19.3
890910468;2019;23;6933686.0;1.6;1.0;69;74;59;75.4;48.0;20.9;12.0;14.5
890910468;2018;15;3990228.0;1.8;1.2;72;89;113;74.9;15.7;18.6;9.8;11.4
890911327;2020;56;34943924.0;2.3;1.7;134;197;122;56.8;61.6;39.1;10.8;12.0
890911327;2019;67;36159999.0;2.1;1.4;164;203;100;57.7;71.4;40.1;6.5;3.5
890911327;2018;58;30649392.0;1.5;0.9;219;159;132;58.8;62.5;40.4;8.9;7.1
890913183;2020;32;7239303.0;1.5;1.5;0;319;258;59.9;0.5;21.1;6.0;5.7
890913183;2019;40;10140106.0;1.8;1.8;0;202;108;43.7;0.9;49.6;6.6;8.3
890913183;2018;18;6705400.0;2.3;2.3;0;80;20;25.5;7.8;33.1;2.0;4.4
890913952;2020;51;7892883.0;3.0;3.0;0;189;3;19.2;0.0;6.0;2.3;3.8
890913952;2019;27;8481839.0;2.1;1.8;26;85;6;27.1;0.0;21.9;11.3;13.8
890913952;2018;19;6655552.0;1.1;0.8;69;99;104;54.6;19.9;20.6;1.7;1.8
890915492;2020;29;5278626.0;2.3;1.7;77;92;58;57.3;59.6;31.7;14.9;16.9
890915492;2019;27;5532902.0;2.1;1.3;85;81;58;62.2;54.4;28.4;12.9;14.2
890915492;2018;29;5289993.0;1.8;1.1;100;86;69;69.4;54.2;29.4;13.8;14.6
890917018;2020;27;17344433.0;1.6;0.9;107;78;81;62.7;51.3;21.2;13.9;11.3
890917018;2019;36;19611879.0;1.4;0.9;98;102;63;63.6;65.6;19.3;12.6;9.6
890917018;2018;30;15410342.0;1.4;0.9;79;108;78;61.2;61.2;18.7;13.0;10.9
890917295;2020;20;34683222.0;2.7;1.6;116;101;153;37.4;6.7;25.3;12.4;15.0
890917295;2019;36;59237482.0;1.8;1.0;122;101;83;34.9;35.0;25.3;12.8;14.5
890917295;2018;40;58897611.0;1.4;0.8;126;114;87;39.0;43.8;23.0;13.4;15.6
890925108;2020;23;74511907.0;1.6;1.3;42;120;93;27.7;8.1;31.1;23.3;30.0
890925108;2019;22;73998749.0;1.8;1.4;39;117;86;31.7;20.7;26.0;18.4;24.0
890925108;2018;31;89023668.0;2.1;1.7;37;128;57;36.7;41.1;24.3;16.6;20.0
890925215;2020;33;159376538.0;2.1;1.6;47;127;54;51.1;52.8;26.2;13.5;14.3
890925215;2019;33;140537015.0;1.6;1.0;81;116;74;61.5;58.1;23.8;10.3;12.0
890925215;2018;42;152199471.0;1.5;1.0;90;135;69;62.8;64.7;24.4;10.0;10.1
890927404;2020;4;1072934.0;1.1;0.6;103;40;143;81.1;31.2;41.9;28.9;30.3
890927404;2019;8;2050822.0;1.1;0.6;76;53;113;77.3;31.3;37.4;23.6;22.7
890927404;2018;7;1853525.0;1.3;0.8;73;59;125;63.0;9.6;39.5;26.0;25.5
890932744;2020;9;1550447.0;1.9;1.2;94;49;112;53.1;6.2;19.6;14.6;15.8
890932744;2019;8;1676659.0;1.9;1.2;68;37;76;51.2;5.7;20.3;16.5;17.8
890932744;2018;15;2505211.0;1.7;0.8;110;50;106;59.3;5.1;20.8;15.5;16.2
890934641;2020;8;573581.0;0.6;0.5;97;151;306;100.5;37.4;42.1;34.8;33.1
890934641;2019;12;781140.0;0.6;0.5;83;162;232;100.1;38.1;20.3;9.7;1.4
890934641;2018;25;1884788.0;0.8;0.5;122;151;194;90.3;39.6;18.4;10.9;6.1
890935493;2020;-10;-4966727.0;1.6;1.0;108;88;309;37.0;0.7;37.8;38.8;10.2
890935493;2019;-62;-26312971.0;0.8;0.4;114;65;569;68.2;1.1;35.9;24.6;19.4
890935493;2018;-79;-22239329.0;0.6;0.4;117;56;655;66.2;2.3;36.2;16.5;5.6
890938020;2019;26;17752531.0;1.1;0.8;87;106;102;88.8;60.3;14.6;1.9;2.1
890938020;2018;18;18104287.0;0.9;0.7;63;105;109;104.9;57.7;14.2;3.0;3.3
890941912;2020;13;2393356.0;3.7;3.0;31;55;39;21.8;0.0;21.6;12.4;15.0
890941912;2019;17;3104817.0;4.2;3.4;24;63;24;17.7;0.0;19.3;9.5;10.2
890941912;2018;16;2450540.0;3.7;2.6;43;44;23;24.4;0.0;18.4;8.7;10.7
891400378;2020;2;15423225.0;0.9;0.6;51;57;113;63.2;42.0;23.6;11.9;11.0
891400378;2019;-9;-38886585.0;0.9;0.6;44;45;137;66.7;38.3;14.9;2.7;0.2
891400378;2018;-9;-37294079.0;0.8;0.6;39;43;137;61.7;29.8;20.4;2.4;-0.6
891400754;2020;22;30137790.0;1.4;1.3;22;93;38;57.2;72.7;21.3;20.1;18.2
891400754;2019;24;31629490.0;1.6;1.2;59;88;58;59.4;70.1;22.0;20.7;19.7
891400754;2018;26;28216260.0;1.8;1.3;63;103;74;61.2;66.9;23.0;7.2;5.0
892200994;2020;21;6550495.0;1.5;0.7;131;49;94;71.5;49.7;26.1;14.9;13.2
892200994;2019;24;8198663.0;1.3;0.7;120;78;107;75.4;50.1;27.5;16.2;14.1
892200994;2018;19;6554377.0;1.3;0.7;101;75;106;74.8;45.4;24.2;15.3;14.2
900007650;2019;22;28530979.0;3.2;2.6;87;84;95;23.7;6.2;39.1;11.1;15.6
900007650;2018;25;34174705.0;2.7;2.0;103;101;116;26.1;0.0;37.1;8.5;12.6
900052603;2020;15;581517.0;1.5;0.9;88;106;152;66.7;28.6;18.8;5.4;7.1
900052603;2019;23;906910.0;1.8;1.2;71;136;135;63.9;31.7;16.4;5.6;7.4
900052603;2018;21;900255.0;1.8;0.7;129;62;111;62.5;31.6;13.9;5.3;6.6
900054587;2020;-2;-231305.0;1.2;0.6;22;3;36;30.4;0.0;20.2;15.0;16.3
900054587;2019;1;141183.0;1.5;0.5;57;0;52;38.6;0.0;22.4;12.8;9.8
900054587;2018;9;1151635.0;4.0;1.3;46;8;14;16.7;0.1;18.1;9.0;9.6
900056795;2020;16;1563401.0;2.5;1.1;106;14;48;33.8;0.0;24.0;20.0;23.5
900056795;2019;21;1841234.0;3.7;1.5;101;23;31;24.6;0.0;23.1;18.7;21.7
900112215;2020;23;1545680.0;1.6;0.8;146;101;169;63.6;12.1;28.7;22.0;19.9
900112215;2019;17;1010963.0;1.5;0.8;108;86;141;59.3;5.5;28.8;23.3;22.2
900112215;2018;12;665929.0;1.4;0.9;79;82;133;62.0;1.2;30.5;22.6;21.7
900187140;2020;2;170735.0;0.9;0.8;37;63;181;61.1;22.6;62.4;47.1;49.8
900187140;2019;21;1099791.0;1.6;1.4;48;112;179;57.4;29.6;73.1;53.3;56.8
900187140;2018;21;1130516.0;1.7;1.5;44;122;172;59.9;29.5;64.8;44.9;49.9
900239001;2019;28;65574401.0;3.6;2.5;69;87;45;17.5;0.0;41.0;26.3;31.5
900239001;2018;17;26207729.0;3.2;1.5;75;30;34;14.2;0.0;25.2;9.1;11.3
900304305;2020;0;5956.0;1.3;0.6;103;29;139;63.9;16.7;18.8;15.3;16.6
900304305;2019;6;960863.0;1.3;0.5;91;22;89;64.4;23.5;18.5;14.2;16.0
900304305;2018;8;1148431.0;1.1;0.5;81;58;112;72.7;23.9;15.0;11.2;13.0
900361775;2020;-3;-1567496.0;1.5;0.9;106;42;177;61.3;23.4;20.6;19.6;18.9
900361775;2019;0;220041.0;1.4;0.9;50;44;101;46.6;1.4;16.2;13.4;12.3
900361775;2018;22;7854150.0;1.7;1.0;68;63;49;45.1;40.5;10.9;8.9;6.6
900481586;2020;3;2125839.0;1.5;0.9;98;47;147;43.4;0.1;29.5;25.0;28.8
900481586;2019;3;1842454.0;1.7;1.1;69;48;121;37.7;0.4;27.5;23.1;25.7
900481586;2018;6;3200338.0;1.5;0.9;73;48;109;37.4;0.7;27.0;7.0;9.6
900488165;2020;6;109419.0;2.5;1.4;153;124;310;62.4;0.9;35.1;11.5;13.8
900488165;2019;3;44847.0;1.6;1.2;70;105;210;54.7;15.2;32.9;11.4;16.3
900488165;2018;4;177136.0;1.5;1.3;14;36;39;36.4;12.9;19.0;1.5;3.0
900506207;2020;23;411932.0;1.0;0.2;175;0;65;48.5;0.0;22.5;18.6;18.7
900506207;2019;8;209141.0;1.5;0.3;122;0;78;31.9;1.7;28.9;27.6;28.6
900648424;2020;6;234588.0;1.2;0.7;73;78;141;71.1;11.8;19.2;10.9;9.3
900648424;2019;9;369862.0;1.1;0.7;76;118;178;79.8;14.4;16.9;9.7;9.0
900648424;2018;11;372798.0;1.0;0.7;85;120;182;81.3;21.7;17.6;10.2;9.0
900749094;2020;12;2316776.0;1.7;1.1;44;25;17;58.0;51.1;26.0;18.4;18.6
900749094;2019;13;2708726.0;1.4;0.8;55;26;28;70.8;50.5;26.1;17.9;17.5
900749094;2018;14;2553615.0;1.4;0.7;83;29;52;75.6;53.4;26.3;19.2;17.7
900839078;2020;-109;-48817212.0;0.3;0.2;95;83;642;97.6;0.7;12.4;-3.0;-13.8
900839078;2019;-89;-44763769.0;0.4;0.2;101;74;545;88.5;0.5;10.8;-3.4;-13.9
900839078;2018;1;653975.0;0.7;0.4;88;75;173;78.7;64.6;17.4;1.2;-5.2
900859896;2020;14;980586.0;1.8;1.2;60;81;98;56.8;23.3;21.2;10.2;11.6
900859896;2019;10;676274.0;1.3;0.9;101;157;251;82.5;5.7;20.4;6.6;7.9
900859896;2018;8;355793.0;1.3;1.1;40;141;175;80.4;5.5;19.5;9.1;10.4
900916121;2020;0;132758.0;0.8;0.7;14;51;77;34.6;55.2;18.7;4.8;-10.5
900916121;2019;-2;-2186129.0;0.8;0.7;13;61;98;37.8;31.9;17.4;4.4;7.3
900916121;2018;0;280954.0;1.0;0.9;8;54;78;26.3;27.4;23.6;10.4;9.2
901026852;2020;-3;-823501.0;0.8;0.5;46;67;140;90.3;68.1;13.0;10.9;5.9
901026852;2019;0;34610.0;1.0;0.6;57;80;147;92.1;70.3;12.2;10.4;3.3
901026852;2018;-175;-6187395.0;0.5;0.3;230;277;1083;90.1;51.4;-6.9;-15.8;-29.2
901167792;2020;36;9841244.0;1.8;1.0;186;43;25;49.1;29.2;44.4;30.8;34.5
901167792;2019;38;10196967.0;2.1;0.9;195;33;4;40.7;40.8;44.8;30.2;32.9
901167792;2018;40;9481452.0;1.8;0.8;193;38;6;47.3;38.0;43.2;27.6;33.4
